schema_version,run_id,run_fingerprint,task_id,split,task_type,difficulty,algorithm_family,expected_mode,routed_mode,router_correct,model,repeat_index,backend,evidence_class,evidence_level,real_evidence_eligible,status,e2e_success,final_validation_success,fresh_final_success,acceleration_vs_baseline,credits_used,tokens_used,model_calls,csim_calls,synth_calls,cosim_calls,wall_time_s,patch_candidates,patch_rejections,failure_stage,stop_reason,resumed,run_dir,result_ref,result_sha256,source_result_ref,source_result_sha256,orchestration_receipt_ref
v3d.benchmark-run.v1,v3d_fast_001--deepseek-v4-pro--r001--ca18eaf1c00a,ca18eaf1c00adef931f459345f16c908716542fa608843445bf888aeb48d45bc,v3d_fast_001,unspecified,generate,1,,REPAIR,REPAIR,True,deepseek-v4-pro,1,vitis,REAL,REAL_VITIS_VALIDATED,True,DONE,True,True,True,,11,1566,1,3,2,0,35.39854041300714,1,0,,REPAIR_FINALIZED,False,/home/ying/CompetitionTrackA/track-A/llm4hls_harness/experiments/formal_matrix_20260724_4a05763_deepseek_28x1/runs/v3d_fast_001--deepseek-v4-pro--r001--ca18eaf1c00a,executor_result.json,5369ab805b9403c8ef1b143dfffc47629bdacd9516b232678c368e6e7c1a82a3,v3_prototype_result.json,8fc6f0eb291fe3107633970ad6784387c54e1102d8ed393a19ee615affc9b964,
v3d.benchmark-run.v1,v3d_fast_002--deepseek-v4-pro--r001--0ad86551e253,0ad86551e25307940053a67dc1b4b4c5744c75539569966d0aa899ea18cea263,v3d_fast_002,unspecified,generate,1,,REPAIR,REPAIR,True,deepseek-v4-pro,1,vitis,REAL,REAL_VITIS_VALIDATED,True,DONE,True,True,True,,11,1515,1,3,2,0,34.36079438496381,1,0,,REPAIR_FINALIZED,False,/home/ying/CompetitionTrackA/track-A/llm4hls_harness/experiments/formal_matrix_20260724_4a05763_deepseek_28x1/runs/v3d_fast_002--deepseek-v4-pro--r001--0ad86551e253,executor_result.json,23ae14418cff3d2ef311fccfe68b6518105be5f0b92f5da81d3bce444259458f,v3_prototype_result.json,c6222a516d83b75386d026d01821744be8f59de8c034e3d224215d5098ec5125,
v3d.benchmark-run.v1,v3d_fast_003--deepseek-v4-pro--r001--7c70797bd7a5,7c70797bd7a5478fb461fe7ff5d30b4c81976f524a07040054e8c75e87ae480d,v3d_fast_003,unspecified,generate,1,,REPAIR,REPAIR,True,deepseek-v4-pro,1,vitis,REAL,REAL_VITIS_VALIDATED,True,DONE,True,True,True,,11,1536,1,3,2,0,34.58772429195233,1,0,,REPAIR_FINALIZED,False,/home/ying/CompetitionTrackA/track-A/llm4hls_harness/experiments/formal_matrix_20260724_4a05763_deepseek_28x1/runs/v3d_fast_003--deepseek-v4-pro--r001--7c70797bd7a5,executor_result.json,2b32b9736698272bf46973825a6cc2631b3ef322dd7d959c0dd96b50e29bd411,v3_prototype_result.json,70178a814da20f9a6defb495b34a0ac09573ead8326dca6ef30255374500c22d,
v3d.benchmark-run.v1,v3d_fast_004--deepseek-v4-pro--r001--ff3141afd3f3,ff3141afd3f377d8f32e4bd786e184494b3eb48b458b64e38778fe9b11244eec,v3d_fast_004,unspecified,generate,2,,REPAIR,REPAIR,True,deepseek-v4-pro,1,vitis,REAL,REAL_VITIS_VALIDATED,True,DONE,True,True,True,,11,1800,1,3,2,0,36.25513280113228,1,0,,REPAIR_FINALIZED,False,/home/ying/CompetitionTrackA/track-A/llm4hls_harness/experiments/formal_matrix_20260724_4a05763_deepseek_28x1/runs/v3d_fast_004--deepseek-v4-pro--r001--ff3141afd3f3,executor_result.json,77ffd58940bcc30fc21b93f45ebb025458d5817f9d701a325b7fdc3ae571dccb,v3_prototype_result.json,ab5ab685868a76392ca55558e1743c9c91d517fcb7dd46b6ded07830cc54052a,
v3d.benchmark-run.v1,v3d_fast_005--deepseek-v4-pro--r001--6adf55d74a00,6adf55d74a00c6eeb27527a03bf94d178372a84d2cd036ed575af7bf4951f991,v3d_fast_005,unspecified,generate,2,,REPAIR,REPAIR,True,deepseek-v4-pro,1,vitis,REAL,REAL_VITIS_VALIDATED,True,DONE,True,True,True,,11,1487,1,3,2,0,34.4726116459351,1,0,,REPAIR_FINALIZED,False,/home/ying/CompetitionTrackA/track-A/llm4hls_harness/experiments/formal_matrix_20260724_4a05763_deepseek_28x1/runs/v3d_fast_005--deepseek-v4-pro--r001--6adf55d74a00,executor_result.json,36c50b952f96cef80b4d03f7ab997187df0394a585e7dc764a1b90afdeff74b3,v3_prototype_result.json,4ad72c331c983cc798a3f85bed1c93c201c3d52d952fd10409bedbe0a33df5d3,
v3d.benchmark-run.v1,v3d_fast_006--deepseek-v4-pro--r001--459ae66da79d,459ae66da79ddf5bedf5d6b3b30c880e8f5b4989918541b187ad486ff83ab2bd,v3d_fast_006,unspecified,generate,2,,REPAIR,REPAIR,True,deepseek-v4-pro,1,vitis,REAL,REAL_VITIS_ATTEMPT_FAILED,True,FAILED,False,False,False,,1,3322,2,1,0,0,15.297963986173272,2,2,BUDGET,MAX_TASK_REPAIR_ROUNDS,False,/home/ying/CompetitionTrackA/track-A/llm4hls_harness/experiments/formal_matrix_20260724_4a05763_deepseek_28x1/runs/v3d_fast_006--deepseek-v4-pro--r001--459ae66da79d,executor_result.json,a4b023b0eb058ff3085994c70f0f656e1d369411809271b14f839abdd9cac4b6,v3_prototype_result.json,eb0d56e7733e21ffeeaedef13f8eda49b7624c6d23707ea150a9d8c07a97997d,
v3d.benchmark-run.v1,v3d_fast_007--deepseek-v4-pro--r001--18dc26fb52fa,18dc26fb52fa07e25308d2a44ab1f6840c8e11812685e191414009c94adb7763,v3d_fast_007,unspecified,generate,2,,REPAIR,REPAIR,True,deepseek-v4-pro,1,vitis,REAL,REAL_VITIS_VALIDATED,True,DONE,True,True,True,,11,1636,1,3,2,0,35.099602073896676,1,0,,REPAIR_FINALIZED,False,/home/ying/CompetitionTrackA/track-A/llm4hls_harness/experiments/formal_matrix_20260724_4a05763_deepseek_28x1/runs/v3d_fast_007--deepseek-v4-pro--r001--18dc26fb52fa,executor_result.json,90505a4c65b2e2e5623a37bc00e1a05916fbeca17620ac45b0735ab6164fb8b9,v3_prototype_result.json,73f316cfea38b1bd90bb77a197e908364c21be0173b5b33586c3bfe5a47b653c,
v3d.benchmark-run.v1,v3d_fast_008--deepseek-v4-pro--r001--0e29dbad4aac,0e29dbad4aac0590c7ba3298f8791b29ce5921548a52bccc81e567e16b901193,v3d_fast_008,unspecified,generate,2,,REPAIR,REPAIR,True,deepseek-v4-pro,1,vitis,REAL,REAL_VITIS_VALIDATED,True,DONE,True,True,True,,11,1665,1,3,2,0,36.10133742191829,1,0,,REPAIR_FINALIZED,False,/home/ying/CompetitionTrackA/track-A/llm4hls_harness/experiments/formal_matrix_20260724_4a05763_deepseek_28x1/runs/v3d_fast_008--deepseek-v4-pro--r001--0e29dbad4aac,executor_result.json,3c088bc3c8fc92d4e239c26848df94c5319ae27f604d10682bd8699563f1e9a3,v3_prototype_result.json,54fa01f08b45b66e88404528e14093b834e48682dd74f5b2fe0bf79bc9db0eb3,
v3d.benchmark-run.v1,v3d_fast_009--deepseek-v4-pro--r001--0ae06b0e0fc6,0ae06b0e0fc655b7536855987e6de0dcc8a1040c793594f9c8daf9bcfb36a8d0,v3d_fast_009,unspecified,generate,2,,SYNTH_FIX,SYNTH_FIX,True,deepseek-v4-pro,1,vitis,REAL,REAL_VITIS_VALIDATED,True,DONE,True,True,True,,15,1713,1,3,3,0,44.39000317105092,1,0,,SYNTH_FIX_FINALIZED,False,/home/ying/CompetitionTrackA/track-A/llm4hls_harness/experiments/formal_matrix_20260724_4a05763_deepseek_28x1/runs/v3d_fast_009--deepseek-v4-pro--r001--0ae06b0e0fc6,executor_result.json,b8f8f11f69f35fa65f0c2cd6b191cdae92e932d1dec74ffeb36a55ad10aa0190,v3_prototype_result.json,4be07a7de000b8c0da203192d79d32eb92319934907f5a6f8fba0982358dfc25,
v3d.benchmark-run.v1,v3d_fast_010--deepseek-v4-pro--r001--be6f2f352824,be6f2f3528249bc8371c8a2b58a1d1b5ad052cb5199027555983a4d33e1b697f,v3d_fast_010,unspecified,generate,3,,SYNTH_FIX,SYNTH_FIX,True,deepseek-v4-pro,1,vitis,REAL,REAL_VITIS_VALIDATED,True,DONE,True,True,True,,15,1737,1,3,3,0,44.729737336048856,1,0,,SYNTH_FIX_FINALIZED,False,/home/ying/CompetitionTrackA/track-A/llm4hls_harness/experiments/formal_matrix_20260724_4a05763_deepseek_28x1/runs/v3d_fast_010--deepseek-v4-pro--r001--be6f2f352824,executor_result.json,b0645de170992038299e5fb104844ac84ef2f81c018186a9c0d6b37cadd07ff2,v3_prototype_result.json,4638193225939ea91155ec02361e5f56c1fde7ee1fa318025cbdfe3c15224e03,
v3d.benchmark-run.v1,v3d_fast_011--deepseek-v4-pro--r001--a96bdcb51dbc,a96bdcb51dbc937532b6c22e0f8409dfa989b9bedfc989c79d51d7997cc6356b,v3d_fast_011,unspecified,generate,3,,SYNTH_FIX,SYNTH_FIX,True,deepseek-v4-pro,1,vitis,REAL,REAL_VITIS_VALIDATED,True,DONE,True,True,True,,15,1844,1,3,3,0,45.82653456693515,1,0,,SYNTH_FIX_FINALIZED,False,/home/ying/CompetitionTrackA/track-A/llm4hls_harness/experiments/formal_matrix_20260724_4a05763_deepseek_28x1/runs/v3d_fast_011--deepseek-v4-pro--r001--a96bdcb51dbc,executor_result.json,72c9fd6f33fb80e515229924136ef3bda824b5249e0007e5521af6d2cc576a9a,v3_prototype_result.json,249458a7d5ed93fe674f6da9acc67106ca042c0f1475f7cea29134611d459007,
v3d.benchmark-run.v1,v3d_fast_012--deepseek-v4-pro--r001--ec8067f015ff,ec8067f015ffe3cca094bf931df79390c6e2075025481c2f9591591da1d2dde3,v3d_fast_012,unspecified,generate,2,,SYNTH_FIX,SYNTH_FIX,True,deepseek-v4-pro,1,vitis,REAL,REAL_VITIS_VALIDATED,True,DONE,True,True,True,,15,2418,1,3,3,0,49.33269829605706,1,0,,SYNTH_FIX_FINALIZED,False,/home/ying/CompetitionTrackA/track-A/llm4hls_harness/experiments/formal_matrix_20260724_4a05763_deepseek_28x1/runs/v3d_fast_012--deepseek-v4-pro--r001--ec8067f015ff,executor_result.json,9b92e9c224eb05657b53e1df55ba7805ccb5842d4b24a3fa2103c2671230e986,v3_prototype_result.json,bf4d311b9d76408989b5b7f1f4adcdf425ff85c2d4622d63774b9a0ec941d558,
v3d.benchmark-run.v1,v3d_fast_013--deepseek-v4-pro--r001--15c3a6f1351d,15c3a6f1351d991be5f897b57eabf78cb81c425c4f0b3c38f88423dd8d7ce872,v3d_fast_013,unspecified,generate,3,,SYNTH_FIX,SYNTH_FIX,True,deepseek-v4-pro,1,vitis,REAL,REAL_VITIS_VALIDATED,True,DONE,True,True,True,,15,2053,1,3,3,0,45.71302590705454,1,0,,SYNTH_FIX_FINALIZED,False,/home/ying/CompetitionTrackA/track-A/llm4hls_harness/experiments/formal_matrix_20260724_4a05763_deepseek_28x1/runs/v3d_fast_013--deepseek-v4-pro--r001--15c3a6f1351d,executor_result.json,0fef42b340b220e66c68ed45f2925ab6554af13bc149dea7212e22206c326c3e,v3_prototype_result.json,3762b0ecddf261f1a3c79c83358c4fa51eb40d23b2d95ee8d4e23fdc4d00a9d1,
v3d.benchmark-run.v1,v3d_fast_014--deepseek-v4-pro--r001--4b6c8d51f2fc,4b6c8d51f2fc601bdbc530e6dae881ae98c5a11a0ab597dfbe799432192f478c,v3d_fast_014,unspecified,generate,3,,SYNTH_FIX,SYNTH_FIX,True,deepseek-v4-pro,1,vitis,REAL,REAL_VITIS_VALIDATED,True,DONE,True,True,True,,15,1654,1,3,3,0,38.22747628996149,1,0,,SYNTH_FIX_FINALIZED,False,/home/ying/CompetitionTrackA/track-A/llm4hls_harness/experiments/formal_matrix_20260724_4a05763_deepseek_28x1/runs/v3d_fast_014--deepseek-v4-pro--r001--4b6c8d51f2fc,executor_result.json,838eaeb93c4c39dfa31b15033564f2cd29548f4c9ce8610ecf7ca7a41912fe92,v3_prototype_result.json,a92e3c67a01289f9486b23243982af7b81feefd09c4e53c4fcb9015d5f6562ea,
v3d.benchmark-run.v1,v3d_fast_015--deepseek-v4-pro--r001--faf1753952ee,faf1753952ee40a7b6113bfc45c12bc5ae1f7027b3bdd95f2f272c98dda7b912,v3d_fast_015,unspecified,generate,4,,STRUCTURAL_FIX,STRUCTURAL_FIX,True,deepseek-v4-pro,1,vitis,REAL,REAL_VITIS_VALIDATED,True,DONE,True,True,True,,71,2230,1,3,2,3,108.07492929301225,1,0,,STRUCTURAL_FIX_FINALIZED,False,/home/ying/CompetitionTrackA/track-A/llm4hls_harness/experiments/formal_matrix_20260724_4a05763_deepseek_28x1/runs/v3d_fast_015--deepseek-v4-pro--r001--faf1753952ee,executor_result.json,6f1125dd9d08f02ff14bc680800fda6aafb47644987848a7d2b7d82eed307e07,v3_prototype_result.json,ea27ff5db041a5e6e75ddf0a679d43b2407a4f3abda903d6a411d76e1ef9f7d3,
v3d.benchmark-run.v1,v3d_fast_016--deepseek-v4-pro--r001--4161e1478c6f,4161e1478c6f8438b1985433b994d459e148e66db84a3ebaf5f08b22bf504c05,v3d_fast_016,unspecified,generate,4,,STRUCTURAL_FIX,,,deepseek-v4-pro,1,vitis,REAL,NO_TERMINAL_RESULT,False,ERROR,False,False,False,,0,0,0,0,0,0,75.58010743698105,0,0,EXECUTOR,BenchmarkExecutionError,False,/home/ying/CompetitionTrackA/track-A/llm4hls_harness/experiments/formal_matrix_20260724_4a05763_deepseek_28x1/runs/v3d_fast_016--deepseek-v4-pro--r001--4161e1478c6f,,,,,
v3d.benchmark-run.v1,v3d_fast_017--deepseek-v4-pro--r001--d81263109247,d81263109247a83cd2e3ddc72a446970d72db79636df34664469119bae506c41,v3d_fast_017,unspecified,generate,4,,STRUCTURAL_FIX,STRUCTURAL_FIX,True,deepseek-v4-pro,1,vitis,REAL,REAL_VITIS_VALIDATED,True,DONE,True,True,True,,71,2295,1,3,2,3,107.5360545529984,1,0,,STRUCTURAL_FIX_FINALIZED,False,/home/ying/CompetitionTrackA/track-A/llm4hls_harness/experiments/formal_matrix_20260724_4a05763_deepseek_28x1/runs/v3d_fast_017--deepseek-v4-pro--r001--d81263109247,executor_result.json,ceee20df131e8acd211ff0c6d4c9f72977e6a0e90630fd124f9f20a7100dfc7d,v3_prototype_result.json,d0d6be5562bb9530914dc89fa51aaaceb99ad516a599baa25e10a4adde334239,
v3d.benchmark-run.v1,v3d_fast_018--deepseek-v4-pro--r001--b33a3f7a74c9,b33a3f7a74c97132efef0541a8f473fe80c33f74e092be17f62217ff149f3cb7,v3d_fast_018,unspecified,generate,4,,STRUCTURAL_FIX,OPTIMIZE,False,deepseek-v4-pro,1,vitis,REAL,REAL_VITIS_VALIDATED,True,DONE,True,True,True,,51,6213,2,3,2,2,103.85682169604115,2,2,,BASELINE_FINALIZED_NO_IMPROVEMENT,False,/home/ying/CompetitionTrackA/track-A/llm4hls_harness/experiments/formal_matrix_20260724_4a05763_deepseek_28x1/runs/v3d_fast_018--deepseek-v4-pro--r001--b33a3f7a74c9,executor_result.json,997af690a41c795e6974b2602cdba6fdda4cf131580a130dfeb9ce3a396fbbf6,v3_prototype_result.json,dc34ee2db7690c890be2f75fd085a2a09d4e22e41b27da25060ad884c39a966c,
v3d.benchmark-run.v1,v3d_fast_019--deepseek-v4-pro--r001--99777ac3cfa8,99777ac3cfa8280388342f503906a936621407540eb2a685d2510e261fe77292,v3d_fast_019,unspecified,generate,4,,STRUCTURAL_FIX,STRUCTURAL_FIX,True,deepseek-v4-pro,1,vitis,REAL,REAL_VITIS_VALIDATED,True,DONE,True,True,True,,71,2375,1,3,2,3,108.7846444058232,1,0,,STRUCTURAL_FIX_FINALIZED,False,/home/ying/CompetitionTrackA/track-A/llm4hls_harness/experiments/formal_matrix_20260724_4a05763_deepseek_28x1/runs/v3d_fast_019--deepseek-v4-pro--r001--99777ac3cfa8,executor_result.json,6fc6aabcbe553f2b69462022cd2a918aa89f0ad8239ed6de293bde12a909bcab,v3_prototype_result.json,75ce63fe85509a37130b5d290fe1ace517cf01ef92fd3557bdce7af328ba3b87,
v3d.benchmark-run.v1,v3d_fast_020--deepseek-v4-pro--r001--6b209d29fd4f,6b209d29fd4fd12c3fe2a5cadd3b57a11ce4a5642d355f0e3b4b42e56fd58745,v3d_fast_020,unspecified,generate,4,,STRUCTURAL_FIX,,,deepseek-v4-pro,1,vitis,REAL,NO_TERMINAL_RESULT,False,ERROR,False,False,False,,0,0,0,0,0,0,1229.28158587683,0,0,EXECUTOR,BenchmarkExecutionError,False,/home/ying/CompetitionTrackA/track-A/llm4hls_harness/experiments/formal_matrix_20260724_4a05763_deepseek_28x1/runs/v3d_fast_020--deepseek-v4-pro--r001--6b209d29fd4f,,,,,
v3d.benchmark-run.v1,v3d_fast_021--deepseek-v4-pro--r001--a5ae903077f2,a5ae903077f215eb35d6cf7a67ccdd4094cf126189d515ecfa955c0a977aa328,v3d_fast_021,unspecified,generate,2,,OPTIMIZE,,,deepseek-v4-pro,1,vitis,REAL,NO_TERMINAL_RESULT,False,ERROR,False,False,False,,0,0,0,0,0,0,57.42910826718435,0,0,EXECUTOR,BenchmarkExecutionError,False,/home/ying/CompetitionTrackA/track-A/llm4hls_harness/experiments/formal_matrix_20260724_4a05763_deepseek_28x1/runs/v3d_fast_021--deepseek-v4-pro--r001--a5ae903077f2,,,,,
v3d.benchmark-run.v1,v3d_fast_022--deepseek-v4-pro--r001--cc0b8e8f21b8,cc0b8e8f21b8342c1e2a342be05a8b25053cc31b4b452f35e6e1db7a12573671,v3d_fast_022,unspecified,generate,2,,OPTIMIZE,,,deepseek-v4-pro,1,vitis,REAL,NO_TERMINAL_RESULT,False,ERROR,False,False,False,,0,0,0,0,0,0,61.4569995959755,0,0,EXECUTOR,BenchmarkExecutionError,False,/home/ying/CompetitionTrackA/track-A/llm4hls_harness/experiments/formal_matrix_20260724_4a05763_deepseek_28x1/runs/v3d_fast_022--deepseek-v4-pro--r001--cc0b8e8f21b8,,,,,
v3d.benchmark-run.v1,v3d_fast_023--deepseek-v4-pro--r001--a8eab2d286c7,a8eab2d286c7ea2c5c46f8a28e79b971b68809e2446fce62d2437f2b44e24542,v3d_fast_023,unspecified,generate,2,,OPTIMIZE,OPTIMIZE,True,deepseek-v4-pro,1,vitis,REAL,REAL_VITIS_VALIDATED,True,DONE,True,True,True,,15,5182,2,3,3,0,61.482984768925235,2,2,,BASELINE_FINALIZED_NO_IMPROVEMENT,False,/home/ying/CompetitionTrackA/track-A/llm4hls_harness/experiments/formal_matrix_20260724_4a05763_deepseek_28x1/runs/v3d_fast_023--deepseek-v4-pro--r001--a8eab2d286c7,executor_result.json,f15357c480b770b71614feaeecf7722945f0c82cac1e5767e4e22c568c43f4da,v3_prototype_result.json,bb8900a014412b6e2100c01605861a0395f00ce352d237a09b800077629927ac,
v3d.benchmark-run.v1,v3d_fast_024--deepseek-v4-pro--r001--b462ade44dde,b462ade44ddeeed841f8861052831462cbb115e182a5fc509a4ce528736f1b0f,v3d_fast_024,unspecified,generate,2,,OPTIMIZE,OPTIMIZE,True,deepseek-v4-pro,1,vitis,REAL,REAL_VITIS_VALIDATED,True,DONE,True,True,True,,11,4644,2,3,2,0,46.11172134592198,2,2,,BASELINE_FINALIZED_NO_IMPROVEMENT,False,/home/ying/CompetitionTrackA/track-A/llm4hls_harness/experiments/formal_matrix_20260724_4a05763_deepseek_28x1/runs/v3d_fast_024--deepseek-v4-pro--r001--b462ade44dde,executor_result.json,0913dc9b67729ba4d0cc34b39041f8d019b48cc9d657fc6f087b004a2c20f2ef,v3_prototype_result.json,b5204fc48ced0b128a85c8774ee85ee4478f1f937f84cca062d0b0d464194c52,
v3d.benchmark-run.v1,v3d_fast_025--deepseek-v4-pro--r001--0047ed7af0bb,0047ed7af0bb2e5f44c56ab46f26e29871d79b4d4dacf6542f2fed7c0afae311,v3d_fast_025,unspecified,generate,2,,OPTIMIZE,OPTIMIZE,True,deepseek-v4-pro,1,vitis,REAL,REAL_VITIS_VALIDATED,True,DONE,True,True,True,2.0285714285714285,60,5324,2,4,4,2,119.42899913992733,2,0,,CANDIDATE_PROMOTED_AND_FINALIZED,False,/home/ying/CompetitionTrackA/track-A/llm4hls_harness/experiments/formal_matrix_20260724_4a05763_deepseek_28x1/runs/v3d_fast_025--deepseek-v4-pro--r001--0047ed7af0bb,executor_result.json,028c88c96c44e5eaf1d47a666e9234e77964e2c65984dd116968e9e73a46985a,v3_prototype_result.json,2a756a4d3537e6cc83835befca282e5783a41afc4c07ac3b2f6f04cc4cb4a43f,
v3d.benchmark-run.v1,v3d_fast_026--deepseek-v4-pro--r001--71a72bb086a6,71a72bb086a623d4af6b495d59eacd91586d35e0f853584cdc85a072e97b0466,v3d_fast_026,unspecified,generate,3,,OPTIMIZE,OPTIMIZE,True,deepseek-v4-pro,1,vitis,REAL,REAL_VITIS_VALIDATED,True,DONE,True,True,True,8.7,15,2918,1,3,3,0,51.87678459403105,1,0,,CANDIDATE_PROMOTED_AND_FINALIZED,False,/home/ying/CompetitionTrackA/track-A/llm4hls_harness/experiments/formal_matrix_20260724_4a05763_deepseek_28x1/runs/v3d_fast_026--deepseek-v4-pro--r001--71a72bb086a6,executor_result.json,17d0bfda5c99b0cc31804019fea4493f0a16d4a8054e0cb648c02bbb3839646d,v3_prototype_result.json,ee15fd88764c3b8ba6f6a687c1aa86703a7290e1f5f34fefc73a03abf0668efb,
v3d.benchmark-run.v1,v3d_fast_027--deepseek-v4-pro--r001--fe9fc415631b,fe9fc415631b98cba7fd908af786926ac9e967286d587fd6235abffb89ab01f1,v3d_fast_027,unspecified,generate,3,,OPTIMIZE,OPTIMIZE,True,deepseek-v4-pro,1,vitis,REAL,REAL_VITIS_VALIDATED,True,DONE,True,True,True,5.0625,40,5023,2,4,4,1,474.1856935948599,2,1,,CANDIDATE_PROMOTED_AND_FINALIZED,False,/home/ying/CompetitionTrackA/track-A/llm4hls_harness/experiments/formal_matrix_20260724_4a05763_deepseek_28x1/runs/v3d_fast_027--deepseek-v4-pro--r001--fe9fc415631b,executor_result.json,5ced269ef7f7212902e2ca863e10d44fc5464e13cdf5a33d40ef5f88f2b09bae,v3_prototype_result.json,b3148acd00807cda001feb9e4b9f75f53b41214d6a3b42902fcd3f7b886afff3,
v3d.benchmark-run.v1,v3d_fast_028--deepseek-v4-pro--r001--c7776ed94df9,c7776ed94df90c9de623b50efafeaf5ee64710f654bc5a8ab9fbdfaf0209354b,v3d_fast_028,unspecified,generate,3,,OPTIMIZE,OPTIMIZE,True,deepseek-v4-pro,1,vitis,REAL,REAL_VITIS_VALIDATED,True,DONE,True,True,True,2.1666666666666665,80,4624,2,4,4,3,134.83305586199276,2,1,,CANDIDATE_PROMOTED_AND_FINALIZED,False,/home/ying/CompetitionTrackA/track-A/llm4hls_harness/experiments/formal_matrix_20260724_4a05763_deepseek_28x1/runs/v3d_fast_028--deepseek-v4-pro--r001--c7776ed94df9,executor_result.json,149e022b66a84b0e716cf0a0388eb4932238888f81b16fe3f6e122afcd787d89,v3_prototype_result.json,f40040c98e8a70e40b5542a304af032a306a052d53d5f8a0fa3a8199f4a0cdf2,
